id;name;type;base_url;active;filter_artifacts_name;filter_artifacts_created_since;username;password;cron_expression;run_on_startup;spec_filter_sp_el;capability_key_sp_el;capability_name_sp_el;service_key_sp_el;service_name_sp_el;spec_key_sp_el;version_sp_el;product_release_name_sp_el;product_release_version_sp_el;product_release_key_sp_el;item_limit;overwrite_changes;options;portal_id;product_id
1;Fantastic;GIT;deposit Automotive auxiliary;false;Refined;2020-12-22;Kids North Dakota e-commerce;Licensed Metal Chair Agent;backing up Checking Account;true;Unbranded Frozen Bike Identity;iterate Gorgeous;open-source Automated capacitor;ivory multi-byte compressing;green;payment Bedfordshire Regional;Savings Account SQL;back up;firewall payment online;Inlet;90200;false;../fake-data/blob/hipster.txt;1;1
2;indexing;BOAT_MAVEN_PLUGIN;success;true;productize;2020-12-23;PCI optical;primary;compress Usability;false;compress SMTP;dot-com PNG;Swedish Krona;Exclusive markets;empowering Iceland Krona transform;deposit Wooden mission-critical;Handmade California;Handcrafted Granite Tuna Avon;viral e-business River;Money Market Account Movies white;58625;true;../fake-data/blob/hipster.txt;2;2
3;North Carolina streamline global;FILE_SYSTEM;Granite Keyboard info-mediaries;true;Rapids;2020-12-22;Small Soft Cheese mindshare Sports;orchid Rustic Wooden Pizza matrix;Investment Account Paradigm;false;methodology framework;overriding driver;ADP;orange;Gloves Executive Auto Loan Account;deposit Cambridgeshire;client-driven;connecting;Frozen;navigate Money Market Account Technician;32235;true;../fake-data/blob/hipster.txt;3;3
4;Fork haptic Fresh;BOAT_MAVEN_PLUGIN;auxiliary Avon platforms;true;Unbranded Concrete Shirt;2020-12-23;Wooden Intelligent Bermudian Dollar (customarily known as Bermuda Dollar);New York panel sensor;synthesize Forward;true;Strategist;Sports Licensed Steel Chips;Generic Frozen Chips deploy;Oklahoma Metal Point;structure Markets Electronics;next generation Ball Bedfordshire;multimedia navigating;whiteboard;generating Usability SAS;Bike;52845;false;../fake-data/blob/hipster.txt;4;4
5;Sharable Eritrea;BOAT_MAVEN_PLUGIN;e-services;true;Multi-lateral Tuna;2020-12-22;Tasty Granite Hat Connecticut Global;optimize Program;Shoes success supply-chains;true;red;Multi-layered Sweden Checking Account;knowledge base THX;Chief;projection primary;Factors THX;Designer National FTP;Infrastructure Specialist;Corporate;moderator Pre-emptive ROI;38099;false;../fake-data/blob/hipster.txt;5;5
6;Integrated;JFROG;Borders Gorgeous;true;maroon deposit monitor;2020-12-23;invoice Awesome Frozen Keyboard synergies;Malaysian Ringgit backing up;sticky;true;enable Fish;Bhutan payment;bandwidth invoice hardware;Optimization;HDD Orchestrator;invoice;pink niches;West Virginia Specialist;Fully-configurable withdrawal;transmitter Hat;56076;false;../fake-data/blob/hipster.txt;6;6
7;adapter Ohio;FILE_SYSTEM;web-enabled Paradigm;true;Camp;2020-12-23;Incredible Fresh Gloves North Carolina;Cloned olive;Interactions Chips Intelligent Plastic Mouse;false;e-enable e-commerce deliverables;invoice;eyeballs Home Loan Account;Shoes;front-end;Rand neural Pants;Fresh;Tasty;France Bhutan;hacking;24773;false;../fake-data/blob/hipster.txt;7;7
8;bypassing Adaptive;FILE_SYSTEM;Intranet solid state;false;Rubber;2020-12-22;static;Wooden input;cross-media 24/7 SMTP;true;application card matrices;innovative;bypassing multi-byte;impactful;Texas extensible;Dynamic;Rubber Texas;Pants;Lights program feed;Soft;77518;true;../fake-data/blob/hipster.txt;8;8
9;USB Future-proofed;GIT;mint green open system haptic;false;AI middleware productivity;2020-12-23;Ghana interface;24 hour;Practical Wooden Shirt Savings Account invoice;false;Texas;Personal Loan Account;SQL object-oriented Internal;withdrawal;Manager Kansas Bike;yellow UAE Dirham;Future;Chips driver;bypassing Mississippi;Reduced Awesome;86803;true;../fake-data/blob/hipster.txt;9;9
10;Handcrafted Rubber Shirt;HTTP;Rustic Frozen Bacon;true;backing up;2020-12-22;composite;Ergonomic Frozen Gloves Total Auto Loan Account;Practical;false;virtual;Practical calculate Gorgeous;Berkshire Function-based;Product Bike;capacity intermediate;Sausages;Vatu National;compressing 6th generation Bedfordshire;solutions;Intelligent Steel Computer Azerbaijan;51944;false;../fake-data/blob/hipster.txt;10;10
