id;jhi_key;name;version;title;icon;open_api;description;created_on;created_by;checksum;filename;valid;jhi_order;parse_error;external_docs;hide;grade;changes;source_path;source_name;source_url;source_created_by;source_created_on;source_last_modified_on;source_last_modified_by;mvn_group_id;mvn_artifact_id;mvn_version;mvn_classifier;mvn_extension;portal_id;product_id;service_definition_id
1;deposit Industrial;Grenada;Soap intermediate e-business;connect Causeway;Lira Steel Account;../fake-data/blob/hipster.txt;../fake-data/blob/hipster.txt;2021-07-28T15:14:45;green;Granite;application;false;73477;../fake-data/blob/hipster.txt;Loan York;false;Agent visualize;COMPATIBLE;web Extensions;Dynamic Clothing;Cambridgeshire Kids;deposit protocol;2021-07-28T11:09:23;2021-07-28T11:23:01;seamless;Senior back-end;connect Wyoming;payment SDD Dobra;EXE generation Plastic;transmitting;1;1;1
2;Garden haptic Wisconsin;Computer;Nevada;Steel calculate;Checking Electronics;../fake-data/blob/hipster.txt;../fake-data/blob/hipster.txt;2021-07-28T22:04:07;COM reintermediate Representative;Small secondary;Yuan;true;86169;../fake-data/blob/hipster.txt;Borders;true;Intranet;ERROR_COMPARING;transmitting;back-end;Dinar Architect;Producer Mission;2021-07-28T12:48:32;2021-07-28T23:34:24;actuating;task-force Card;indigo world-class Fresh;synthesizing up;navigating navigating;Bedfordshire;2;2;2
3;up Concrete Product;Incredible Gorgeous;Solutions XML Shore;SMS benchmark alarm;Concrete;../fake-data/blob/hipster.txt;../fake-data/blob/hipster.txt;2021-07-29T05:55:14;Connecticut;olive copying;customized parsing;true;3137;../fake-data/blob/hipster.txt;Associate;false;architectures Regional;NOT_APPLICABLE;Supervisor HTTP generating;digital Somali;Tuna drive killer;lime;2021-07-28T11:42:21;2021-07-28T14:54:23;Granite Ball flexibility;program redundant withdrawal;Generic Central bandwidth;scalable e-business;generate;open-source payment;3;3;3
4;evolve expedite;impactful system;Licensed Handcrafted;Borders;leading-edge orange;../fake-data/blob/hipster.txt;../fake-data/blob/hipster.txt;2021-07-28T23:22:59;dynamic generate Unbranded;Consultant;metrics Tunnel;true;92871;../fake-data/blob/hipster.txt;Gloves;true;bluetooth;ERROR_COMPARING;Corporate;3rd Concrete;eyeballs Cambridgeshire asymmetric;enterprise;2021-07-28T10:25:34;2021-07-29T07:14:37;Ergonomic;artificial Sahara Specialist;Maryland platforms monitoring;ivory;red firewall Music;syndicate Sausages;4;4;4
5;Face;Tactics Towels;even-keeled deposit access;Wooden Refined Global;deposit Shirt;../fake-data/blob/hipster.txt;../fake-data/blob/hipster.txt;2021-07-28T17:37:22;calculating;Manager protocol;Sleek input deliver;false;36630;../fake-data/blob/hipster.txt;Frozen;false;withdrawal Handmade;NOT_APPLICABLE;infrastructure system Japan;Account Heard;world-class Account;Stand-alone SCSI;2021-07-29T05:13:18;2021-07-29T00:00:20;override;Baby Shirt;Generic service-desk;Utah reintermediate;Self-enabling Facilitator Small;compelling Lempira;5;5;5
6;Fresh;Netherlands Switchable;Engineer;Rial;flexibility azure;../fake-data/blob/hipster.txt;../fake-data/blob/hipster.txt;2021-07-28T17:21:20;Dram Bedfordshire Djibouti;lime Keyboard reboot;Mouse Pizza Accountability;true;11555;../fake-data/blob/hipster.txt;Pants Keyboard;true;generation parsing Industrial;INVALID_VERSION;Director;structure eyeballs;B2B primary deposit;circuit silver Dynamic;2021-07-28T09:07:00;2021-07-28T09:14:51;protocol;Chicken Account Developer;Small time-frame projection;HTTP;Human;Tools feed compress;6;6;6
7;executive salmon Pizza;matrix Colon;Directives;compress dedicated Bedfordshire;Account national;../fake-data/blob/hipster.txt;../fake-data/blob/hipster.txt;2021-07-29T06:47:27;flexibility;magnetic;Colorado Carolina Branch;false;78256;../fake-data/blob/hipster.txt;Clothing;true;robust multi-byte;BREAKING;interactive Account invoice;Shoals;Squares Berkshire;Gorgeous;2021-07-28T10:41:14;2021-07-28T16:23:54;Djibouti quantifying microchip;B2B Concrete;Function-based Mozambique;Incredible Zambia;Utah generate;engineer Auto;7;7;7
8;directional Generic Dynamic;Architect sexy Corners;circuit;Programmable;robust Stravenue;../fake-data/blob/hipster.txt;../fake-data/blob/hipster.txt;2021-07-28T18:27:37;EXE Function-based Frozen;Belize;Stand-alone indexing;true;77180;../fake-data/blob/hipster.txt;Gorgeous Organized Fresh;true;e-commerce;UNCHANGED;killer SSL;silver quantifying indexing;Ameliorated bandwidth override;Steel Bacon;2021-07-28T22:31:18;2021-07-28T20:47:01;Court Checking Fiji;Infrastructure;Rubber;Metrics;blockchains hack;invoice Republic;8;8;8
9;Incredible Escudo Gorgeous;navigate navigate Wooden;Incredible Concrete;Saudi Glens engineer;Cuban;../fake-data/blob/hipster.txt;../fake-data/blob/hipster.txt;2021-07-29T04:29:41;Hawaii;transmitter empower;deposit;false;46478;../fake-data/blob/hipster.txt;transmitter;true;Leone;ERROR_COMPARING;Concrete Oman;SQL payment;Generic;Enhanced Loan;2021-07-28T11:53:16;2021-07-29T03:49:05;Fantastic withdrawal;Monitored Computers Loan;markets generate;program;Licensed;Configurable Home Lead;9;9;9
10;connect;Towels;card;Frozen Investment Accounts;XSS;../fake-data/blob/hipster.txt;../fake-data/blob/hipster.txt;2021-07-29T01:13:09;gold Texas Director;Corporate;transmitting;false;73026;../fake-data/blob/hipster.txt;Rustic collaboration Factors;false;JSON index Research;ERROR_COMPARING;action-items Idaho;navigating;Virginia;PCI;2021-07-28T19:55:58;2021-07-29T05:09:26;SQL;Corporate black Dakota;leading-edge User-centric incentivize;Baby Nevada;Car;Keyboard Wooden intangible;10;10;10
